Time_s,Coherence
0.0,0.5172335939355261
0.3003003003003003,0.5315548310270148
0.6006006006006006,0.5239099573964686
0.9009009009009009,0.5190109100604645
1.2012012012012012,0.5249124929158964
1.5015015015015014,0.5048117604954578
1.8018018018018018,0.500695838580075
2.1021021021021022,0.5280087281560364
2.4024024024024024,0.5236497842481129
2.7027027027027026,0.5050024940144251
3.003003003003003,0.5122192050146683
3.3033033033033035,0.5356672866390088
3.6036036036036037,0.5176016156788905
3.903903903903904,0.5233909896613628
4.2042042042042045,0.5243918373575615
4.504504504504505,0.5086381478005633
4.804804804804805,0.5400727745227716
5.105105105105105,0.5217656609383177
5.405405405405405,0.5136325444065362
5.7057057057057055,0.523229930944359
6.006006006006006,0.49274122909657403
6.306306306306307,0.5232022483286263
6.606606606606607,0.5140881406185307
6.906906906906907,0.5129091836105701
7.207207207207207,0.4998864619266934
7.5075075075075075,0.5122539576172639
7.807807807807808,0.523033964863418
8.108108108108109,0.5249677212200763
8.408408408408409,0.5204250677323706
8.70870870870871,0.5017074100437496
9.00900900900901,0.5092532054204777
9.30930930930931,0.5578630607987243
9.60960960960961,0.5205139974293894
9.90990990990991,0.4941995110280878
10.21021021021021,0.5023366432887152
10.51051051051051,0.5181655431197827
10.81081081081081,0.5096626431125137
11.11111111111111,0.4997596544273534
11.411411411411411,0.5277744490977878
11.711711711711711,0.5224086147953704
12.012012012012011,0.4969424028991104
12.312312312312313,0.514048891221313
12.612612612612613,0.527364758436162
12.912912912912914,0.5086891092390875
13.213213213213214,0.5113238915167642
13.513513513513514,0.528138740289592
13.813813813813814,0.4974100709453375
14.114114114114114,0.5124829147005117
14.414414414414415,0.5216363015378744
14.714714714714715,0.5072986192927667
15.015015015015015,0.5456648633748238
15.315315315315315,0.5197317167172454
15.615615615615615,0.5102915118190492
15.915915915915916,0.4939654057108843
16.216216216216218,0.546370064562425
16.516516516516518,0.4932150739489569
16.816816816816818,0.5136233972730953
17.117117117117118,0.48280238643874585
17.41741741741742,0.5152385420181422
17.71771771771772,0.5103371743117797
18.01801801801802,0.5326435574630553
18.31831831831832,0.5231145807940889
18.61861861861862,0.5209140293248035
18.91891891891892,0.49251118023945517
19.21921921921922,0.5100868691154041
19.51951951951952,0.5205046977945289
19.81981981981982,0.5359901487973315
20.12012012012012,0.527272936849154
20.42042042042042,0.5284205847956424
20.72072072072072,0.5174621019720823
21.02102102102102,0.4986324019988536
21.32132132132132,0.5058272822976211
21.62162162162162,0.509904061095557
21.92192192192192,0.5201968487180895
22.22222222222222,0.527814762604269
22.52252252252252,0.5187306965301384
22.822822822822822,0.5257561055881196
23.123123123123122,0.5033702089819163
23.423423423423422,0.5053881775855853
23.723723723723722,0.5166861308680446
24.024024024024023,0.5182170033954456
24.324324324324326,0.48883511661763757
24.624624624624627,0.5000938923212438
24.924924924924927,0.4990372013364338
25.225225225225227,0.47951022202038773
25.525525525525527,0.5189954531015095
25.825825825825827,0.5190960205698119
26.126126126126128,0.5292014490489343
26.426426426426428,0.5160802578198476
26.726726726726728,0.4777076032325832
27.027027027027028,0.5229464866443161
27.32732732732733,0.5363886296267231
27.62762762762763,0.514133510194867
27.92792792792793,0.509653110938989
28.22822822822823,0.5368113780536332
28.52852852852853,0.538235339298679
28.82882882882883,0.5269129589116128
29.12912912912913,0.5141500474531803
29.42942942942943,0.4892083203234704
29.72972972972973,0.5345477815820983
30.03003003003003,0.530653715684931
30.33033033033033,0.5360201404796926
30.63063063063063,0.5043604205790282
30.93093093093093,0.5121252984588045
31.23123123123123,0.5033032328006825
31.53153153153153,0.5349629701272345
31.83183183183183,0.5211865432490347
32.132132132132135,0.5268498434539626
32.432432432432435,0.5370268212938091
32.732732732732735,0.53593272120116
33.033033033033036,0.5171895426594956
33.333333333333336,0.5270630823809216
33.633633633633636,0.5174390421672641
33.933933933933936,0.513286223061959
34.234234234234236,0.5256014335516981
34.53453453453454,0.5211791224233704
34.83483483483484,0.531506716237671
35.13513513513514,0.5198369706975181
35.43543543543544,0.5153101882330452
35.73573573573574,0.5194901771833451
36.03603603603604,0.5067971789110012
36.33633633633634,0.511395843276213
36.63663663663664,0.5390688752851869
36.93693693693694,0.49438474901972773
37.23723723723724,0.5180317700686139
37.53753753753754,0.4964076867216214
37.83783783783784,0.5153382477989576
38.13813813813814,0.5117651842532511
38.43843843843844,0.5192202127612304
38.73873873873874,0.4945919080308582
39.03903903903904,0.5329051174394914
39.33933933933934,0.5407712334238499
39.63963963963964,0.5069748011114065
39.93993993993994,0.5314450665734631
40.24024024024024,0.49280561808575685
40.54054054054054,0.5099632798123008
40.84084084084084,0.522303966859222
41.14114114114114,0.513511882233867
41.44144144144144,0.5104183882303026
41.74174174174174,0.5176260069568475
42.04204204204204,0.5114927475289358
42.34234234234234,0.5448602805007674
42.64264264264264,0.5150635794853898
42.94294294294294,0.5185726121804091
43.24324324324324,0.5125074582112472
43.54354354354354,0.5062182621824816
43.84384384384384,0.5294107942297757
44.14414414414414,0.529275913770932
44.44444444444444,0.5389948088029093
44.74474474474474,0.4932424984250182
45.04504504504504,0.516213851820535
45.34534534534534,0.5186659706871832
45.645645645645644,0.548348115554943
45.945945945945944,0.5382304826369191
46.246246246246244,0.5044907564234287
46.546546546546544,0.5174121172048325
46.846846846846844,0.5145528346313347
47.147147147147145,0.5221650785121122
47.447447447447445,0.5414476812963045
47.747747747747745,0.5324481119951561
48.048048048048045,0.5053392083163956
48.34834834834835,0.5168942751009502
48.64864864864865,0.5259593403885485
48.94894894894895,0.5081596811135657
49.24924924924925,0.5327876326203376
49.54954954954955,0.52333561301067
49.84984984984985,0.5202621116071562
50.150150150150154,0.5038151292504869
50.450450450450454,0.5104259014176418
50.750750750750754,0.5168417998925328
51.051051051051054,0.5113492881481305
51.351351351351354,0.5158237442672673
51.651651651651655,0.5118930584019148
51.951951951951955,0.5047766627732649
52.252252252252255,0.5275870826294371
52.552552552552555,0.5174264961109823
52.852852852852855,0.5190773325842986
53.153153153153156,0.4966769494752191
53.453453453453456,0.5158548045622784
53.753753753753756,0.48462691382196954
54.054054054054056,0.5355650641893883
54.354354354354356,0.5169384209983536
54.65465465465466,0.49726686156685795
54.95495495495496,0.5179715705616916
55.25525525525526,0.518782612427075
55.55555555555556,0.49893412798013725
55.85585585585586,0.4964573316020745
56.15615615615616,0.5065371165458765
56.45645645645646,0.507606377290984
56.75675675675676,0.550344278725449
57.05705705705706,0.5129566408111419
57.35735735735736,0.5096975055194146
57.65765765765766,0.5170174515720016
57.95795795795796,0.5170916352563719
58.25825825825826,0.5255251051146058
58.55855855855856,0.5121409883903989
58.85885885885886,0.532009264997169
59.15915915915916,0.5391390639296101
59.45945945945946,0.5176969930355559
59.75975975975976,0.5096349486815878
60.06006006006006,0.5415073599166242
60.36036036036036,0.5306549359060826
60.66066066066066,0.4762787152390173
60.96096096096096,0.4694185131621531
61.26126126126126,0.5218718406179408
61.56156156156156,0.5306391733182948
61.86186186186186,0.4906883539337995
62.16216216216216,0.5410343896623895
62.46246246246246,0.5117143899051697
62.76276276276276,0.516970541323223
63.06306306306306,0.535778739022731
63.36336336336336,0.515909527239673
63.66366366366366,0.5183720747671352
63.96396396396396,0.5079449377143109
64.26426426426427,0.5086125798647173
64.56456456456456,0.534974323440687
64.86486486486487,0.518685067648117
65.16516516516516,0.5098802494915462
65.46546546546547,0.5456999362840569
65.76576576576576,0.5547204540669213
66.06606606606607,0.516636207488617
66.36636636636636,0.535049725709944
66.66666666666667,0.5228867411240035
66.96696696696696,0.49537991313907515
67.26726726726727,0.53827730716801
67.56756756756756,0.512310895162932
67.86786786786787,0.5317765805965241
68.16816816816817,0.5364826002325013
68.46846846846847,0.49192469029766694
68.76876876876877,0.5075710739093449
69.06906906906907,0.5262458354480378
69.36936936936937,0.48553139934433553
69.66966966966967,0.5720780062409043
69.96996996996997,0.5395308367983676
70.27027027027027,0.5248568390737829
70.57057057057057,0.5168358133547191
70.87087087087087,0.49541438338483246
71.17117117117117,0.5413215094769627
71.47147147147147,0.49427063066118526
71.77177177177177,0.5382256533046483
72.07207207207207,0.5136042389670517
72.37237237237237,0.5331812937149002
72.67267267267268,0.5293309757290748
72.97297297297297,0.5093093276014558
73.27327327327328,0.5137350877947342
73.57357357357357,0.5230373623717719
73.87387387387388,0.5037881690846671
74.17417417417417,0.5321930538401964
74.47447447447448,0.5163900428355934
74.77477477477477,0.5169749562589323
75.07507507507508,0.5080814756446814
75.37537537537537,0.5376698482262117
75.67567567567568,0.5386788030751999
75.97597597597597,0.5193767951996309
76.27627627627628,0.5405391894448006
76.57657657657657,0.5332553274458492
76.87687687687688,0.5301049512474337
77.17717717717719,0.5138684860277112
77.47747747747748,0.519052241813325
77.77777777777779,0.5503487472114434
78.07807807807808,0.5505728194612282
78.37837837837839,0.5153652736396183
78.67867867867868,0.49920806868091894
78.97897897897899,0.5045834661317667
79.27927927927928,0.5173234599420714
79.57957957957959,0.5268220805043059
79.87987987987988,0.5103397788888259
80.18018018018019,0.5026231316684915
80.48048048048048,0.5161551669318746
80.78078078078079,0.5225637164623786
81.08108108108108,0.5217645033314056
81.38138138138139,0.5320487178862346
81.68168168168168,0.5078064102022978
81.98198198198199,0.5031091269359573
82.28228228228228,0.4901342354265106
82.58258258258259,0.5060577859853073
82.88288288288288,0.5299826671134116
83.18318318318319,0.5141217707685015
83.48348348348348,0.5044378465928487
83.78378378378379,0.518133420329853
84.08408408408408,0.4913737466974787
84.38438438438439,0.5047460650349302
84.68468468468468,0.5207939935047607
84.98498498498499,0.5192938960272979
85.28528528528528,0.5272746516577317
85.58558558558559,0.5331503132582325
85.88588588588588,0.5154480548108931
86.18618618618619,0.5217935780388944
86.48648648648648,0.5060857126748327
86.78678678678679,0.539550289440607
87.08708708708708,0.5232856188525554
87.38738738738739,0.4992994005866611
87.68768768768768,0.5093106114674674
87.98798798798799,0.5111067653244545
88.28828828828829,0.4721970690407594
88.58858858858859,0.5036238029501116
88.88888888888889,0.4928873407626915
89.1891891891892,0.5063749640649264
89.48948948948949,0.5269932259855838
89.7897897897898,0.5094025915285763
90.09009009009009,0.5191960388449915
90.3903903903904,0.5067206584582093
90.69069069069069,0.522447426482425
90.990990990991,0.5167391876530826
91.29129129129129,0.5413923044099066
91.5915915915916,0.5246886881513675
91.89189189189189,0.5351663095841946
92.1921921921922,0.5192561541348324
92.49249249249249,0.5163260244182334
92.7927927927928,0.5138642606591679
93.09309309309309,0.5268625103310848
93.3933933933934,0.5288823373421756
93.69369369369369,0.5031039558657491
93.993993993994,0.5312668043944315
94.29429429429429,0.512015353685382
94.5945945945946,0.5097360010081808
94.89489489489489,0.5282709558342351
95.1951951951952,0.5158747105802537
95.49549549549549,0.5266966269251978
95.7957957957958,0.501537059635335
96.09609609609609,0.5343993051713734
96.3963963963964,0.5134075305939925
96.6966966966967,0.5219058743984801
96.996996996997,0.5384709302694125
97.2972972972973,0.5138774087808439
97.5975975975976,0.5214449305105228
97.8978978978979,0.5233448829471834
98.1981981981982,0.5198830364927629
98.4984984984985,0.5031923995973403
98.7987987987988,0.5083494550565485
99.0990990990991,0.5408655789354857
99.3993993993994,0.5216224477640495
99.6996996996997,0.5120412306722997
100.0,0.5148092237928398
100.30030030030031,0.4873772914105545
100.6006006006006,0.5303601163690383
100.90090090090091,0.5039778504307535
101.2012012012012,0.4986674238232225
101.50150150150151,0.535190490557603
101.8018018018018,0.5343074490112523
102.10210210210211,0.48831671997341064
102.4024024024024,0.5241556493159474
102.70270270270271,0.5388797016285889
103.003003003003,0.5377884214464925
103.30330330330331,0.5216053904100431
103.6036036036036,0.5101623103788899
103.90390390390391,0.5212274276813
104.2042042042042,0.5314121505903551
104.50450450450451,0.5233333472738368
104.8048048048048,0.5438581026494976
105.10510510510511,0.4991992555788427
105.4054054054054,0.528551640634219
105.70570570570571,0.5162219173667366
106.006006006006,0.5172290918123734
106.30630630630631,0.5603591726061681
106.6066066066066,0.5026584601408766
106.90690690690691,0.5129864043948232
107.2072072072072,0.5091863623112143
107.50750750750751,0.5172082515605109
107.8078078078078,0.5399343186813761
108.10810810810811,0.5355760150038655
108.4084084084084,0.5104943149148826
108.70870870870871,0.5144705812746375
109.009009009009,0.5371164931597755
109.30930930930931,0.5086957929986239
109.6096096096096,0.5276862884861158
109.90990990990991,0.5061717734276429
110.2102102102102,0.5008275879986193
110.51051051051051,0.5328920342323413
110.8108108108108,0.5271147198673433
111.11111111111111,0.5103133714591617
111.41141141141141,0.502898438398562
111.71171171171171,0.5012233296845159
112.01201201201201,0.5257667395874379
112.31231231231232,0.5266313664670612
112.61261261261261,0.534120211488684
112.91291291291292,0.5110695991178629
113.21321321321321,0.5183379078476513
113.51351351351352,0.48795189993958166
113.81381381381381,0.4992538106494646
114.11411411411412,0.5160181210569021
114.41441441441441,0.4880188662167454
114.71471471471472,0.5041508126753628
115.01501501501501,0.49903155020000833
115.31531531531532,0.5161679435728121
115.61561561561562,0.5175981828992007
115.91591591591592,0.5133142738941813
116.21621621621622,0.4966090643322316
116.51651651651652,0.5325672124329307
116.81681681681683,0.5423562230263814
117.11711711711712,0.5207819268757659
117.41741741741743,0.4938626001468063
117.71771771771772,0.521894583512048
118.01801801801803,0.5266263952134993
118.31831831831832,0.5074487701773618
118.61861861861863,0.49159745441430636
118.91891891891892,0.5443473356932995
119.21921921921923,0.49534422103180087
119.51951951951952,0.5308127085429595
119.81981981981983,0.5132051466522156
120.12012012012012,0.5064369440511343
120.42042042042043,0.5063544152428285
120.72072072072072,0.5016954866755821
121.02102102102103,0.5294664011730149
121.32132132132132,0.5251411730969662
121.62162162162163,0.5269838621963951
121.92192192192192,0.5123942446909389
122.22222222222223,0.525810921738239
122.52252252252252,0.5319326795132889
122.82282282282283,0.50312492883188
123.12312312312312,0.5185684887220693
123.42342342342343,0.4987354828521007
123.72372372372372,0.5199588558390813
124.02402402402403,0.525861850775055
124.32432432432432,0.5164206828068498
124.62462462462463,0.5068545475989934
124.92492492492492,0.503209059478841
125.22522522522523,0.5185246267737109
125.52552552552552,0.5150549642580358
125.82582582582583,0.5042052995896933
126.12612612612612,0.5257034760394276
126.42642642642643,0.495440745342853
126.72672672672672,0.4989325345887059
127.02702702702703,0.5249950788321478
127.32732732732732,0.549729334288696
127.62762762762763,0.49311136417775614
127.92792792792793,0.5192068375519823
128.22822822822823,0.5009480559120825
128.52852852852854,0.5189727828234088
128.82882882882882,0.5009901401292518
129.12912912912913,0.4896517363412324
129.42942942942943,0.5096688238572674
129.72972972972974,0.49132151135319746
130.03003003003002,0.4886941093423004
130.33033033033033,0.5113071803259331
130.63063063063063,0.5178782528757504
130.93093093093094,0.5115296736851878
131.23123123123122,0.5240439443022249
131.53153153153153,0.5291484172688589
131.83183183183183,0.5174944804373092
132.13213213213214,0.5445182172920482
132.43243243243242,0.5091067939988909
132.73273273273273,0.48598178922140567
133.03303303303304,0.4982297771354107
133.33333333333334,0.5184473775713223
133.63363363363362,0.5438803301332493
133.93393393393393,0.5033660225916219
134.23423423423424,0.5206378215320404
134.53453453453454,0.534892546449768
134.83483483483485,0.5162616458698105
135.13513513513513,0.5043182771897516
135.43543543543544,0.49431313675921484
135.73573573573574,0.5416474865549346
136.03603603603605,0.5169010714027038
136.33633633633633,0.53650182624941
136.63663663663664,0.5080225553898934
136.93693693693695,0.5317142852361698
137.23723723723725,0.5189927380597685
137.53753753753753,0.5225404560989216
137.83783783783784,0.5240409348509649
138.13813813813815,0.5157603837641547
138.43843843843845,0.49855125725997984
138.73873873873873,0.48396938769921793
139.03903903903904,0.5477705633464567
139.33933933933935,0.5122697259655815
139.63963963963965,0.5040111016320243
139.93993993993993,0.5131724002435707
140.24024024024024,0.532824443964472
140.54054054054055,0.5470818655799006
140.84084084084085,0.5434510819796028
141.14114114114113,0.5129229553259729
141.44144144144144,0.4855205811899319
141.74174174174175,0.5034237401940778
142.04204204204206,0.4980436369823359
142.34234234234233,0.5234793042822533
142.64264264264264,0.520674168199081
142.94294294294295,0.5003128973517256
143.24324324324326,0.533593131933288
143.54354354354354,0.5229600002079366
143.84384384384384,0.5342703104166056
144.14414414414415,0.513672919082194
144.44444444444446,0.5134121893660089
144.74474474474474,0.5151732476071785
145.04504504504504,0.5203116256827683
145.34534534534535,0.5030642607542519
145.64564564564566,0.5065281352067291
145.94594594594594,0.510818362747123
146.24624624624624,0.5325265070818922
146.54654654654655,0.48830768115819156
146.84684684684686,0.5089803345496766
147.14714714714714,0.5004673295457618
147.44744744744744,0.5164341375375566
147.74774774774775,0.4793855218493773
148.04804804804806,0.5220653370235673
148.34834834834834,0.4984985944286979
148.64864864864865,0.507949505356645
148.94894894894895,0.53133628073632
149.24924924924926,0.5202774274796795
149.54954954954954,0.5359838439115049
149.84984984984985,0.5158842419980718
150.15015015015015,0.49550577515977456
150.45045045045046,0.49232533484631036
150.75075075075074,0.5266313835382194
151.05105105105105,0.51005631736954
151.35135135135135,0.5250797450215271
151.65165165165166,0.5148782825428219
151.95195195195194,0.5072814352982579
152.25225225225225,0.49399638279882974
152.55255255255256,0.5195499715620481
152.85285285285286,0.48992391937772395
153.15315315315314,0.49286929217397357
153.45345345345345,0.5139197288338393
153.75375375375376,0.5121670470662062
154.05405405405406,0.49972280014379866
154.35435435435437,0.5174403592395436
154.65465465465465,0.5510989544784928
154.95495495495496,0.5135907420598583
155.25525525525526,0.5108254052314368
155.55555555555557,0.5110910952507306
155.85585585585585,0.5146547056943922
156.15615615615616,0.5233250763826987
156.45645645645646,0.5282125044224226
156.75675675675677,0.5295343331773341
157.05705705705705,0.5041467897807259
157.35735735735736,0.48620937568088096
157.65765765765767,0.5077878375866649
157.95795795795797,0.5175152184542342
158.25825825825825,0.5344909502370692
158.55855855855856,0.5281225802052326
158.85885885885887,0.5151824174481834
159.15915915915917,0.5211440819246383
159.45945945945945,0.5156782766702959
159.75975975975976,0.5329208385618927
160.06006006006007,0.5296742455934449
160.36036036036037,0.5081743923961097
160.66066066066065,0.5277088156147025
160.96096096096096,0.5281390515985678
161.26126126126127,0.5105381643670026
161.56156156156158,0.5236396778581625
161.86186186186185,0.5006980008784994
162.16216216216216,0.5056840037247813
162.46246246246247,0.5065506010700429
162.76276276276278,0.5085741266490986
163.06306306306305,0.5271977175899811
163.36336336336336,0.5126949051544138
163.66366366366367,0.5209729970427932
163.96396396396398,0.5335841027130224
164.26426426426426,0.5224423609550486
164.56456456456456,0.5269270820099591
164.86486486486487,0.5127795093254275
165.16516516516518,0.5091494407671128
165.46546546546546,0.5031272484563737
165.76576576576576,0.5183126316268143
166.06606606606607,0.5399163244143894
166.36636636636638,0.5376808718038125
166.66666666666666,0.48645546458489886
166.96696696696696,0.5052340744052883
167.26726726726727,0.49678614508553165
167.56756756756758,0.5205868808952896
167.86786786786786,0.5332963192110416
168.16816816816817,0.5129811816344012
168.46846846846847,0.5152392761468233
168.76876876876878,0.5284868911580827
169.06906906906906,0.5205603103241561
169.36936936936937,0.552865923014886
169.66966966966967,0.5385432283059217
169.96996996996998,0.5088488748417053
170.27027027027026,0.5349525894529861
170.57057057057057,0.5270928530545556
170.87087087087087,0.5310178579147444
171.17117117117118,0.5167878364419737
171.47147147147146,0.5181519626382614
171.77177177177177,0.49893911213414344
172.07207207207207,0.5430377015000363
172.37237237237238,0.5187280997400061
172.67267267267266,0.5121303691460435
172.97297297297297,0.5185711120361005
173.27327327327328,0.5424789180222755
173.57357357357358,0.5131722664797822
173.8738738738739,0.5013874624855386
174.17417417417417,0.5154392806765309
174.47447447447448,0.49487601968452155
174.77477477477478,0.5167666773105377
175.0750750750751,0.520758296046139
175.37537537537537,0.523408019920597
175.67567567567568,0.5468350068818295
175.97597597597598,0.4980140067587423
176.2762762762763,0.5066575743444759
176.57657657657657,0.5343735869589676
176.87687687687688,0.5167519988172657
177.17717717717719,0.5227707714174419
177.4774774774775,0.5112594073562583
177.77777777777777,0.5300667661819508
178.07807807807808,0.5422294514620316
178.3783783783784,0.5178680160028895
178.6786786786787,0.5183999998314872
178.97897897897897,0.5201555672475469
179.27927927927928,0.503606720195918
179.5795795795796,0.5533482055952782
179.8798798798799,0.5451627885852302
180.18018018018017,0.5172967915509237
180.48048048048048,0.5068084047344438
180.7807807807808,0.5417167155761695
181.0810810810811,0.48950649996121987
181.38138138138137,0.5097709165095178
181.68168168168168,0.5135387853896743
181.981981981982,0.5231714277725614
182.2822822822823,0.5057419818409046
182.58258258258257,0.49987029345570444
182.88288288288288,0.49366479237217376
183.1831831831832,0.5138705117523077
183.4834834834835,0.5291156835139583
183.78378378378378,0.5182992759561373
184.08408408408408,0.5249717025805394
184.3843843843844,0.5154671413698051
184.6846846846847,0.5558501293589139
184.98498498498498,0.5403803335496279
185.28528528528528,0.5235690627180345
185.5855855855856,0.5179451058550228
185.8858858858859,0.5126612477052861
186.18618618618618,0.5007279359151233
186.48648648648648,0.5164068956271508
186.7867867867868,0.5320583034862304
187.0870870870871,0.49972739624169893
187.38738738738738,0.4919341224137975
187.68768768768768,0.5150715501365859
187.987987987988,0.5064932998542288
188.2882882882883,0.5396140526101958
188.58858858858858,0.5171520529611984
188.88888888888889,0.5178262532290054
189.1891891891892,0.5148790099870492
189.4894894894895,0.4842566021656157
189.78978978978978,0.5049792977012415
190.0900900900901,0.5059534264810279
190.3903903903904,0.49202152093766016
190.6906906906907,0.5133882938229088
190.99099099099098,0.5162566543733542
191.2912912912913,0.5076200803327577
191.5915915915916,0.5450203880604357
191.8918918918919,0.5119924722957816
192.19219219219218,0.5340235875612676
192.4924924924925,0.512494822226381
192.7927927927928,0.5343055379972892
193.0930930930931,0.5268785606352271
193.3933933933934,0.520433208237016
193.6936936936937,0.5222932264460487
193.993993993994,0.5028672255702333
194.2942942942943,0.5202051505830385
194.5945945945946,0.5221247726947125
194.8948948948949,0.49537121313140653
195.1951951951952,0.523981626276338
195.4954954954955,0.4949082526580205
195.7957957957958,0.5021285649926464
196.0960960960961,0.5294577469641559
196.3963963963964,0.5077411709911774
196.6966966966967,0.5115205545019436
196.996996996997,0.509577896226332
197.2972972972973,0.5278325898961872
197.5975975975976,0.5166464923446241
197.8978978978979,0.5056145642009233
198.1981981981982,0.5158550013943537
198.4984984984985,0.5272513801931455
198.7987987987988,0.5086862939805974
199.0990990990991,0.5030712320560438
199.3993993993994,0.4962851812739617
199.6996996996997,0.5440620417696024
200.0,0.5212261593594287
200.3003003003003,0.5016587050615282
200.60060060060061,0.5256931180656137
200.9009009009009,0.5322643753921574
201.2012012012012,0.561291321056527
201.5015015015015,0.5306554348812897
201.80180180180182,0.5502530372901877
202.1021021021021,0.5212501936328959
202.4024024024024,0.50640397665347
202.7027027027027,0.5201879729875971
203.00300300300302,0.5253824989824618
203.3033033033033,0.5380833152334996
203.6036036036036,0.5224064126669695
203.9039039039039,0.5127757384576934
204.20420420420422,0.5071788252795502
204.5045045045045,0.5190716846858384
204.8048048048048,0.5350250676345287
205.1051051051051,0.5193922715145359
205.40540540540542,0.47749429538540167
205.7057057057057,0.4686888579507651
206.006006006006,0.5304065603448378
206.3063063063063,0.5298675552191663
206.60660660660662,0.4958962645974818
206.9069069069069,0.4711208142862965
207.2072072072072,0.5437886873944493
207.5075075075075,0.5107592351746391
207.80780780780782,0.5358519838959142
208.1081081081081,0.5185380502325904
208.4084084084084,0.5290908299657313
208.7087087087087,0.5078757824725051
209.00900900900902,0.5090710448280278
209.3093093093093,0.5115952343763799
209.6096096096096,0.5141732872294646
209.9099099099099,0.4985448967582491
210.21021021021022,0.49799323326672473
210.5105105105105,0.5153377646633869
210.8108108108108,0.5038949658474596
211.11111111111111,0.5303597356126964
211.41141141141142,0.5256663990857489
211.71171171171173,0.502702853852252
212.012012012012,0.5146075637288354
212.31231231231232,0.5382706591810644
212.61261261261262,0.5335443580138226
212.91291291291293,0.5279991305811436
213.2132132132132,0.5228289430553299
213.51351351351352,0.5413215508440501
213.81381381381382,0.5174928645121766
214.11411411411413,0.5295061149705225
214.4144144144144,0.5095544113987234
214.71471471471472,0.48729871093522836
215.01501501501502,0.5153459259530453
215.31531531531533,0.5293644364536945
215.6156156156156,0.5400047989694585
215.91591591591592,0.517704560717634
216.21621621621622,0.5227285350395069
216.51651651651653,0.5353095126564811
216.8168168168168,0.5060451949703335
217.11711711711712,0.5163882331266111
217.41741741741743,0.5209859356793176
217.71771771771773,0.5416640365931213
218.018018018018,0.5314909463231163
218.31831831831832,0.5102768221965139
218.61861861861863,0.537107946710723
218.91891891891893,0.5030071530950615
219.2192192192192,0.5167270689480292
219.51951951951952,0.5220714693019372
219.81981981981983,0.5293564326228932
220.12012012012013,0.5339019847102064
220.4204204204204,0.4848316676452289
220.72072072072072,0.5317123283989421
221.02102102102103,0.5220729781684247
221.32132132132134,0.5181541891025243
221.6216216216216,0.5477228796912992
221.92192192192192,0.5317991901392145
222.22222222222223,0.52339164414846
222.52252252252254,0.5451856741694474
222.82282282282281,0.5210217799635347
223.12312312312312,0.5297620830458161
223.42342342342343,0.5048103105733508
223.72372372372374,0.5366173064123397
224.02402402402402,0.5449438765425596
224.32432432432432,0.49813947108682877
224.62462462462463,0.5264213550006107
224.92492492492494,0.5140545847406393
225.22522522522522,0.5138903976620779
225.52552552552552,0.5424910642685636
225.82582582582583,0.49692523259506316
226.12612612612614,0.5229357098602274
226.42642642642642,0.5053402294568375
226.72672672672672,0.48636303183006224
227.02702702702703,0.4884073558322004
227.32732732732734,0.5163344595095982
227.62762762762762,0.4997888414555016
227.92792792792793,0.505056710684533
228.22822822822823,0.5143524103088373
228.52852852852854,0.5327541842462487
228.82882882882882,0.5163387414794094
229.12912912912913,0.5110395908111363
229.42942942942943,0.5237946212942317
229.72972972972974,0.5127554167352375
230.03003003003002,0.5114059365823795
230.33033033033033,0.5041081892032888
230.63063063063063,0.49331463922224217
230.93093093093094,0.518727876787584
231.23123123123125,0.5102524000965849
231.53153153153153,0.5209603565713705
231.83183183183183,0.516761984545669
232.13213213213214,0.5366458727198343
232.43243243243245,0.48960148648084734
232.73273273273273,0.5119328931996834
233.03303303303304,0.513373750917306
233.33333333333334,0.5011335278575519
233.63363363363365,0.49897480999587607
233.93393393393393,0.523939817776039
234.23423423423424,0.5176496178978834
234.53453453453454,0.5176120788834198
234.83483483483485,0.49913411787376916
235.13513513513513,0.5107271913365858
235.43543543543544,0.5061958517424185
235.73573573573574,0.52300568314233
236.03603603603605,0.518423949192752
236.33633633633633,0.5135372908180779
236.63663663663664,0.5334568910997347
236.93693693693695,0.4995530038014371
237.23723723723725,0.5102669663985666
237.53753753753753,0.5222803389130611
237.83783783783784,0.5137209268620457
238.13813813813815,0.5405547264809105
238.43843843843845,0.5105052519730626
238.73873873873873,0.5035929872900484
239.03903903903904,0.5173214663946314
239.33933933933935,0.5079353312890242
239.63963963963965,0.4960667553140411
239.93993993993993,0.505733305002368
240.24024024024024,0.5254418083490242
240.54054054054055,0.5338477001370483
240.84084084084085,0.5339179166273171
241.14114114114113,0.5171195925364072
241.44144144144144,0.49012799836146215
241.74174174174175,0.5483103040524925
242.04204204204206,0.5344391276901059
242.34234234234233,0.46503177998321577
242.64264264264264,0.5215560866812436
242.94294294294295,0.5363258270838889
243.24324324324326,0.5113618166750006
243.54354354354354,0.5368269439421944
243.84384384384384,0.5043583044607896
244.14414414414415,0.5137779832492835
244.44444444444446,0.5074147376501135
244.74474474474474,0.5120743504174977
245.04504504504504,0.528729997023912
245.34534534534535,0.5215378509776177
245.64564564564566,0.5079812448557945
245.94594594594594,0.508410462905609
246.24624624624624,0.49841063557518517
246.54654654654655,0.5183010358365872
246.84684684684686,0.48482701534697736
247.14714714714714,0.5196979485218243
247.44744744744744,0.5129981588502213
247.74774774774775,0.5201143542675881
248.04804804804806,0.5093786251714777
248.34834834834834,0.5346773048491672
248.64864864864865,0.48140621121037375
248.94894894894895,0.5167732285157314
249.24924924924926,0.5259636917563463
249.54954954954954,0.5215089031642364
249.84984984984985,0.5275749079730605
250.15015015015015,0.5205583933677685
250.45045045045046,0.5058753039162691
250.75075075075077,0.5074205746687633
251.05105105105105,0.5347945482399223
251.35135135135135,0.5311145060703628
251.65165165165166,0.49276276471648484
251.95195195195197,0.5214689367633336
252.25225225225225,0.5036537698470802
252.55255255255256,0.5114723326588501
252.85285285285286,0.515814585018463
253.15315315315317,0.5206806492040791
253.45345345345345,0.5179303331638012
253.75375375375376,0.5135878770221496
254.05405405405406,0.53344332213182
254.35435435435437,0.502447735125936
254.65465465465465,0.5138335090976581
254.95495495495496,0.5275237010747952
255.25525525525526,0.5048761616086515
255.55555555555557,0.5273169250688448
255.85585585585585,0.5176272357995136
256.15615615615616,0.5312316551011111
256.45645645645646,0.5010352758112719
256.7567567567568,0.5332617056364733
257.0570570570571,0.5214206221837905
257.3573573573574,0.5054667430772337
257.65765765765764,0.5224476917959167
257.95795795795794,0.5413421027125926
258.25825825825825,0.5123028532221302
258.55855855855856,0.538709431141674
258.85885885885887,0.5047835798595596
259.1591591591592,0.5344415430687404
259.4594594594595,0.5172954493131778
259.7597597597598,0.5060748384314868
260.06006006006004,0.52828436520584
260.36036036036035,0.5407103985679724
260.66066066066065,0.5000160131923028
260.96096096096096,0.517615764694973
261.26126126126127,0.5309312503385117
261.5615615615616,0.5033640470776378
261.8618618618619,0.4992063131960567
262.1621621621622,0.5254667538750661
262.46246246246244,0.5302658923797035
262.76276276276275,0.47294043220918824
263.06306306306305,0.5070408503168626
263.36336336336336,0.5198448377428602
263.66366366366367,0.506294524362735
263.963963963964,0.4856120421794171
264.2642642642643,0.5295509266274585
264.5645645645646,0.5195830437855975
264.86486486486484,0.5120122352276011
265.16516516516515,0.5235803708803107
265.46546546546546,0.4848939949451565
265.76576576576576,0.49285765732983
266.06606606606607,0.5077727162421077
266.3663663663664,0.4941139191857077
266.6666666666667,0.493262919340386
266.966966966967,0.5151724451556627
267.26726726726724,0.5164008595696723
267.56756756756755,0.5109354908188306
267.86786786786786,0.5092334240766487
268.16816816816817,0.4925068347181758
268.4684684684685,0.5328235696672428
268.7687687687688,0.5005112265059066
269.0690690690691,0.5217245351806363
269.3693693693694,0.5051696169754663
269.6696696696697,0.5267515860286174
269.96996996996995,0.4962721421774027
270.27027027027026,0.5219559257047088
270.57057057057057,0.5180521722979667
270.8708708708709,0.5084807726106944
271.1711711711712,0.5306961153553817
271.4714714714715,0.528157835712002
271.7717717717718,0.5241011887980177
272.0720720720721,0.5140119152573838
272.37237237237235,0.5083144552328489
272.67267267267266,0.5327949153820949
272.97297297297297,0.49808417639938163
273.2732732732733,0.49857686913282695
273.5735735735736,0.5200500299651869
273.8738738738739,0.5177462098713614
274.1741741741742,0.4990525170752318
274.4744744744745,0.5129442505423788
274.77477477477476,0.5052638621054177
275.07507507507506,0.49858851098647805
275.37537537537537,0.5324971309886954
275.6756756756757,0.5176314932191883
275.975975975976,0.518863904927312
276.2762762762763,0.5259917778880632
276.5765765765766,0.5263557562373369
276.8768768768769,0.5114717653175582
277.17717717717716,0.5209890824120941
277.47747747747746,0.5317647000809389
277.77777777777777,0.5521903170537188
278.0780780780781,0.5079797010129132
278.3783783783784,0.501222098448672
278.6786786786787,0.520354102748253
278.978978978979,0.5272224350780108
279.2792792792793,0.5252876459205502
279.57957957957956,0.5224581891779709
279.87987987987987,0.5151623758266237
280.1801801801802,0.5059746428749146
280.4804804804805,0.5168225200238612
280.7807807807808,0.5159733177657588
281.0810810810811,0.5170317486618224
281.3813813813814,0.5229509533331076
281.6816816816817,0.517148747625704
281.98198198198196,0.5074740174106973
282.28228228228227,0.5532082540855465
282.5825825825826,0.5051713689290408
282.8828828828829,0.5205549248535359
283.1831831831832,0.5289777975513132
283.4834834834835,0.5092622617639619
283.7837837837838,0.4984442569845112
284.0840840840841,0.5312402330842577
284.38438438438436,0.5028268996539476
284.68468468468467,0.5439642028351646
284.984984984985,0.5218919757529535
285.2852852852853,0.4886488307800023
285.5855855855856,0.49710337958294215
285.8858858858859,0.5129095321981292
286.1861861861862,0.5116027764173753
286.4864864864865,0.4950480282682871
286.78678678678676,0.5134994303071059
287.08708708708707,0.4993531486732232
287.3873873873874,0.5219653698178042
287.6876876876877,0.5282627180568857
287.987987987988,0.5441654262473694
288.2882882882883,0.5264245997709003
288.5885885885886,0.5336316346226215
288.8888888888889,0.5210254000500237
289.1891891891892,0.5317474556972333
289.4894894894895,0.5061398135584956
289.7897897897898,0.5315472387177869
290.0900900900901,0.5084531824813203
290.3903903903904,0.5125387686143481
290.6906906906907,0.5269573432407438
290.990990990991,0.5217747687171855
291.2912912912913,0.5415276329447651
291.5915915915916,0.5139454085633727
291.8918918918919,0.5253619630521462
292.1921921921922,0.5091103505329635
292.4924924924925,0.49095562032882556
292.7927927927928,0.5146456206310324
293.0930930930931,0.5242484117854682
293.3933933933934,0.5318771018559401
293.6936936936937,0.5017211472379478
293.993993993994,0.5347553493775057
294.2942942942943,0.525150508944465
294.5945945945946,0.5256402734520049
294.8948948948949,0.49319158191863643
295.1951951951952,0.5185826493437268
295.4954954954955,0.5221345928656457
295.7957957957958,0.5232760721964604
296.0960960960961,0.5144798787411773
296.3963963963964,0.5383092083564056
296.6966966966967,0.5262406846279444
296.996996996997,0.5152445601744571
297.2972972972973,0.531328928601045
297.5975975975976,0.515545166110636
297.8978978978979,0.5093749622668526
298.1981981981982,0.5503384446390982
298.4984984984985,0.5019087777329124
298.7987987987988,0.5312581925262474
299.0990990990991,0.5050377520902549
299.3993993993994,0.4918876035356725
299.6996996996997,0.4903220912453311
300.0,0.49668376888132504
